-- ============================================
-- Import Pemasukan & Pengeluaran Data
-- Generated: 2026-02-21 21:26:04
-- ============================================

-- === TRANSAKSI KATEGORI (Sumber & Kategori baru) ===
INSERT INTO `transaksi_kategori` (`id`, `nama`, `tipe`, `created_at`, `updated_at`) VALUES (1, 'PPDB 2025', 'sumber_pemasukan', NOW(), NOW()) ON DUPLICATE KEY UPDATE `nama` = 'PPDB 2025', `tipe` = 'sumber_pemasukan';
INSERT INTO `transaksi_kategori` (`id`, `nama`, `tipe`, `created_at`, `updated_at`) VALUES (2, 'PPDB', 'kategori_pengeluaran', NOW(), NOW()) ON DUPLICATE KEY UPDATE `nama` = 'PPDB', `tipe` = 'kategori_pengeluaran';
INSERT INTO `transaksi_kategori` (`id`, `nama`, `tipe`, `created_at`, `updated_at`) VALUES (3, 'INFAQ', 'sumber_pengeluaran', NOW(), NOW()) ON DUPLICATE KEY UPDATE `nama` = 'INFAQ', `tipe` = 'sumber_pengeluaran';
INSERT INTO `transaksi_kategori` (`id`, `nama`, `tipe`, `created_at`, `updated_at`) VALUES (4, 'SERAGAM', 'sumber_pengeluaran', NOW(), NOW()) ON DUPLICATE KEY UPDATE `nama` = 'SERAGAM', `tipe` = 'sumber_pengeluaran';
INSERT INTO `transaksi_kategori` (`id`, `nama`, `tipe`, `created_at`, `updated_at`) VALUES (5, 'BOS', 'sumber_pengeluaran', NOW(), NOW()) ON DUPLICATE KEY UPDATE `nama` = 'BOS', `tipe` = 'sumber_pengeluaran';
INSERT INTO `transaksi_kategori` (`id`, `nama`, `tipe`, `created_at`, `updated_at`) VALUES (6, 'DAFTAR ULANG', 'sumber_pengeluaran', NOW(), NOW()) ON DUPLICATE KEY UPDATE `nama` = 'DAFTAR ULANG', `tipe` = 'sumber_pengeluaran';
INSERT INTO `transaksi_kategori` (`id`, `nama`, `tipe`, `created_at`, `updated_at`) VALUES (7, 'KEGIATAN', 'sumber_pengeluaran', NOW(), NOW()) ON DUPLICATE KEY UPDATE `nama` = 'KEGIATAN', `tipe` = 'sumber_pengeluaran';
INSERT INTO `transaksi_kategori` (`id`, `nama`, `tipe`, `created_at`, `updated_at`) VALUES (8, 'LAIN-LAIN', 'kategori_pengeluaran', NOW(), NOW()) ON DUPLICATE KEY UPDATE `nama` = 'LAIN-LAIN', `tipe` = 'kategori_pengeluaran';
INSERT INTO `transaksi_kategori` (`id`, `nama`, `tipe`, `created_at`, `updated_at`) VALUES (9, 'SARPRAS', 'kategori_pengeluaran', NOW(), NOW()) ON DUPLICATE KEY UPDATE `nama` = 'SARPRAS', `tipe` = 'kategori_pengeluaran';
INSERT INTO `transaksi_kategori` (`id`, `nama`, `tipe`, `created_at`, `updated_at`) VALUES (10, 'SNACK GURU', 'kategori_pengeluaran', NOW(), NOW()) ON DUPLICATE KEY UPDATE `nama` = 'SNACK GURU', `tipe` = 'kategori_pengeluaran';
INSERT INTO `transaksi_kategori` (`id`, `nama`, `tipe`, `created_at`, `updated_at`) VALUES (11, 'SERAGAM', 'kategori_pengeluaran', NOW(), NOW()) ON DUPLICATE KEY UPDATE `nama` = 'SERAGAM', `tipe` = 'kategori_pengeluaran';
INSERT INTO `transaksi_kategori` (`id`, `nama`, `tipe`, `created_at`, `updated_at`) VALUES (12, 'BISYAROH', 'kategori_pengeluaran', NOW(), NOW()) ON DUPLICATE KEY UPDATE `nama` = 'BISYAROH', `tipe` = 'kategori_pengeluaran';
INSERT INTO `transaksi_kategori` (`id`, `nama`, `tipe`, `created_at`, `updated_at`) VALUES (13, 'BUKU PAKET', 'kategori_pengeluaran', NOW(), NOW()) ON DUPLICATE KEY UPDATE `nama` = 'BUKU PAKET', `tipe` = 'kategori_pengeluaran';
INSERT INTO `transaksi_kategori` (`id`, `nama`, `tipe`, `created_at`, `updated_at`) VALUES (14, 'KEGIATAN', 'kategori_pengeluaran', NOW(), NOW()) ON DUPLICATE KEY UPDATE `nama` = 'KEGIATAN', `tipe` = 'kategori_pengeluaran';
INSERT INTO `transaksi_kategori` (`id`, `nama`, `tipe`, `created_at`, `updated_at`) VALUES (15, 'PERLENGKAPAN', 'kategori_pengeluaran', NOW(), NOW()) ON DUPLICATE KEY UPDATE `nama` = 'PERLENGKAPAN', `tipe` = 'kategori_pengeluaran';
INSERT INTO `transaksi_kategori` (`id`, `nama`, `tipe`, `created_at`, `updated_at`) VALUES (16, 'RAPAT', 'kategori_pengeluaran', NOW(), NOW()) ON DUPLICATE KEY UPDATE `nama` = 'RAPAT', `tipe` = 'kategori_pengeluaran';
INSERT INTO `transaksi_kategori` (`id`, `nama`, `tipe`, `created_at`, `updated_at`) VALUES (17, 'KEMAH', 'kategori_pengeluaran', NOW(), NOW()) ON DUPLICATE KEY UPDATE `nama` = 'KEMAH', `tipe` = 'kategori_pengeluaran';
INSERT INTO `transaksi_kategori` (`id`, `nama`, `tipe`, `created_at`, `updated_at`) VALUES (18, 'BEASISWA', 'kategori_pengeluaran', NOW(), NOW()) ON DUPLICATE KEY UPDATE `nama` = 'BEASISWA', `tipe` = 'kategori_pengeluaran';
INSERT INTO `transaksi_kategori` (`id`, `nama`, `tipe`, `created_at`, `updated_at`) VALUES (19, 'PKKM', 'kategori_pengeluaran', NOW(), NOW()) ON DUPLICATE KEY UPDATE `nama` = 'PKKM', `tipe` = 'kategori_pengeluaran';
INSERT INTO `transaksi_kategori` (`id`, `nama`, `tipe`, `created_at`, `updated_at`) VALUES (20, 'PAS GANJIL', 'kategori_pengeluaran', NOW(), NOW()) ON DUPLICATE KEY UPDATE `nama` = 'PAS GANJIL', `tipe` = 'kategori_pengeluaran';
INSERT INTO `transaksi_kategori` (`id`, `nama`, `tipe`, `created_at`, `updated_at`) VALUES (21, 'PPDB', 'sumber_pemasukan', NOW(), NOW()) ON DUPLICATE KEY UPDATE `nama` = 'PPDB', `tipe` = 'sumber_pemasukan';
INSERT INTO `transaksi_kategori` (`id`, `nama`, `tipe`, `created_at`, `updated_at`) VALUES (22, 'BOS REGULER', 'sumber_pemasukan', NOW(), NOW()) ON DUPLICATE KEY UPDATE `nama` = 'BOS REGULER', `tipe` = 'sumber_pemasukan';
INSERT INTO `transaksi_kategori` (`id`, `nama`, `tipe`, `created_at`, `updated_at`) VALUES (23, 'BOS DA', 'sumber_pemasukan', NOW(), NOW()) ON DUPLICATE KEY UPDATE `nama` = 'BOS DA', `tipe` = 'sumber_pemasukan';
INSERT INTO `transaksi_kategori` (`id`, `nama`, `tipe`, `created_at`, `updated_at`) VALUES (24, 'GUZ BIDIN', 'sumber_pemasukan', NOW(), NOW()) ON DUPLICATE KEY UPDATE `nama` = 'GUZ BIDIN', `tipe` = 'sumber_pemasukan';
INSERT INTO `transaksi_kategori` (`id`, `nama`, `tipe`, `created_at`, `updated_at`) VALUES (25, 'M. FARIS SAPUTRA', 'sumber_pemasukan', NOW(), NOW()) ON DUPLICATE KEY UPDATE `nama` = 'M. FARIS SAPUTRA', `tipe` = 'sumber_pemasukan';
INSERT INTO `transaksi_kategori` (`id`, `nama`, `tipe`, `created_at`, `updated_at`) VALUES (26, 'BOS REG OKT 2025', 'sumber_pemasukan', NOW(), NOW()) ON DUPLICATE KEY UPDATE `nama` = 'BOS REG OKT 2025', `tipe` = 'sumber_pemasukan';
INSERT INTO `transaksi_kategori` (`id`, `nama`, `tipe`, `created_at`, `updated_at`) VALUES (27, 'DEBI', 'sumber_pemasukan', NOW(), NOW()) ON DUPLICATE KEY UPDATE `nama` = 'DEBI', `tipe` = 'sumber_pemasukan';

-- === PENGELUARAN (116 rows) ===
INSERT INTO `pengeluaran` (`admin_id`, `sumber_id`, `nominal`, `kategori_id`, `keterangan`, `tanggal`, `tahun_ajaran_id`, `created_at`, `updated_at`) VALUES (1, 5, 200000.00, 2, '', '2026-02-15', 18, NOW(), NOW());
INSERT INTO `pengeluaran` (`admin_id`, `sumber_id`, `nominal`, `kategori_id`, `keterangan`, `tanggal`, `tahun_ajaran_id`, `created_at`, `updated_at`) VALUES (27, 3, 30000.00, 8, 'Akrom Adabi | Stempel MA', '2025-08-27', 18, NOW(), NOW());
INSERT INTO `pengeluaran` (`admin_id`, `sumber_id`, `nominal`, `kategori_id`, `keterangan`, `tanggal`, `tahun_ajaran_id`, `created_at`, `updated_at`) VALUES (27, 3, 40000.00, 9, 'Akrom Adabi | Website', '2025-08-27', 18, NOW(), NOW());
INSERT INTO `pengeluaran` (`admin_id`, `sumber_id`, `nominal`, `kategori_id`, `keterangan`, `tanggal`, `tahun_ajaran_id`, `created_at`, `updated_at`) VALUES (27, 3, 100000.00, 10, 'Akrom Adabi | Bensin Arisan Woker Tayo', '2025-07-19', 18, NOW(), NOW());
INSERT INTO `pengeluaran` (`admin_id`, `sumber_id`, `nominal`, `kategori_id`, `keterangan`, `tanggal`, `tahun_ajaran_id`, `created_at`, `updated_at`) VALUES (27, 3, 60000.00, 9, 'Akrom Adabi | Domain Mahakam 1 Tahun', '2025-01-07', 18, NOW(), NOW());
INSERT INTO `pengeluaran` (`admin_id`, `sumber_id`, `nominal`, `kategori_id`, `keterangan`, `tanggal`, `tahun_ajaran_id`, `created_at`, `updated_at`) VALUES (27, 3, 320000.00, 9, 'Akrom Adabi | Bendera Umbul2 15 Pcs', '2025-08-16', 18, NOW(), NOW());
INSERT INTO `pengeluaran` (`admin_id`, `sumber_id`, `nominal`, `kategori_id`, `keterangan`, `tanggal`, `tahun_ajaran_id`, `created_at`, `updated_at`) VALUES (27, 3, 80000.00, 9, 'Akrom Adabi | 3 Banner Pawai', '2025-08-16', 18, NOW(), NOW());
INSERT INTO `pengeluaran` (`admin_id`, `sumber_id`, `nominal`, `kategori_id`, `keterangan`, `tanggal`, `tahun_ajaran_id`, `created_at`, `updated_at`) VALUES (27, 4, 1890000.00, 11, 'Akrom Adabi | Kaos Olahraga Guru dan SISWA X', '2025-08-27', 18, NOW(), NOW());
INSERT INTO `pengeluaran` (`admin_id`, `sumber_id`, `nominal`, `kategori_id`, `keterangan`, `tanggal`, `tahun_ajaran_id`, `created_at`, `updated_at`) VALUES (27, 4, 2340000.00, 11, 'Akrom Adabi | Jas Siswa X', '2025-08-27', 18, NOW(), NOW());
INSERT INTO `pengeluaran` (`admin_id`, `sumber_id`, `nominal`, `kategori_id`, `keterangan`, `tanggal`, `tahun_ajaran_id`, `created_at`, `updated_at`) VALUES (27, 4, 640000.00, 11, 'Akrom Adabi | Seragam Siswa X', '2025-08-27', 18, NOW(), NOW());
INSERT INTO `pengeluaran` (`admin_id`, `sumber_id`, `nominal`, `kategori_id`, `keterangan`, `tanggal`, `tahun_ajaran_id`, `created_at`, `updated_at`) VALUES (27, 5, 6835000.00, 12, 'Akrom Adabi | Bisyaroh Juli 2025', '2025-01-08', 18, NOW(), NOW());
INSERT INTO `pengeluaran` (`admin_id`, `sumber_id`, `nominal`, `kategori_id`, `keterangan`, `tanggal`, `tahun_ajaran_id`, `created_at`, `updated_at`) VALUES (27, 5, 1500000.00, 9, 'Akrom Adabi | Sound Sistem', '2025-07-18', 18, NOW(), NOW());
INSERT INTO `pengeluaran` (`admin_id`, `sumber_id`, `nominal`, `kategori_id`, `keterangan`, `tanggal`, `tahun_ajaran_id`, `created_at`, `updated_at`) VALUES (27, 5, 2080000.00, 13, 'Akrom Adabi | Buku Paket Shopee Tambahan', '2025-09-09', 18, NOW(), NOW());
INSERT INTO `pengeluaran` (`admin_id`, `sumber_id`, `nominal`, `kategori_id`, `keterangan`, `tanggal`, `tahun_ajaran_id`, `created_at`, `updated_at`) VALUES (27, 5, 900000.00, 8, 'Akrom Adabi | Iuran Bulanan Kepala 6 Bulan, Juli - Des', '2025-09-14', 18, NOW(), NOW());
INSERT INTO `pengeluaran` (`admin_id`, `sumber_id`, `nominal`, `kategori_id`, `keterangan`, `tanggal`, `tahun_ajaran_id`, `created_at`, `updated_at`) VALUES (27, 5, 100000.00, 8, 'Akrom Adabi | Iuran Omi 2500 x 40', '2025-09-17', 18, NOW(), NOW());
INSERT INTO `pengeluaran` (`admin_id`, `sumber_id`, `nominal`, `kategori_id`, `keterangan`, `tanggal`, `tahun_ajaran_id`, `created_at`, `updated_at`) VALUES (27, 5, 1200000.00, 8, 'Akrom Adabi | Iuran Bos FKMAS 12000 x 40', '2025-09-14', 18, NOW(), NOW());
INSERT INTO `pengeluaran` (`admin_id`, `sumber_id`, `nominal`, `kategori_id`, `keterangan`, `tanggal`, `tahun_ajaran_id`, `created_at`, `updated_at`) VALUES (27, 5, 3000000.00, 13, 'Akrom Adabi | DP 3 Serangkai', '2025-08-28', 18, NOW(), NOW());
INSERT INTO `pengeluaran` (`admin_id`, `sumber_id`, `nominal`, `kategori_id`, `keterangan`, `tanggal`, `tahun_ajaran_id`, `created_at`, `updated_at`) VALUES (27, 5, 7740000.00, 12, 'Akrom Adabi | Bisyaroh Agustus 2025', '2025-01-09', 18, NOW(), NOW());
INSERT INTO `pengeluaran` (`admin_id`, `sumber_id`, `nominal`, `kategori_id`, `keterangan`, `tanggal`, `tahun_ajaran_id`, `created_at`, `updated_at`) VALUES (27, 5, 7830000.00, 12, 'Akrom Adabi | Bisyaroh September 2025', '2025-01-10', 18, NOW(), NOW());
INSERT INTO `pengeluaran` (`admin_id`, `sumber_id`, `nominal`, `kategori_id`, `keterangan`, `tanggal`, `tahun_ajaran_id`, `created_at`, `updated_at`) VALUES (27, 5, 100000.00, 12, 'Akrom Adabi | Rapat Persiapan PKKM I', '2025-06-10', 18, NOW(), NOW());
INSERT INTO `pengeluaran` (`admin_id`, `sumber_id`, `nominal`, `kategori_id`, `keterangan`, `tanggal`, `tahun_ajaran_id`, `created_at`, `updated_at`) VALUES (36, 6, 500000.00, 14, 'Arief Arfan | Snack dan makan matsama', '2025-07-13', 18, NOW(), NOW());
INSERT INTO `pengeluaran` (`admin_id`, `sumber_id`, `nominal`, `kategori_id`, `keterangan`, `tanggal`, `tahun_ajaran_id`, `created_at`, `updated_at`) VALUES (36, 6, 500000.00, 14, 'Arief Arfan | Bisyaroh Pemateri Matsama', '2025-07-13', 18, NOW(), NOW());
INSERT INTO `pengeluaran` (`admin_id`, `sumber_id`, `nominal`, `kategori_id`, `keterangan`, `tanggal`, `tahun_ajaran_id`, `created_at`, `updated_at`) VALUES (36, 6, 33000.00, 14, 'Arief Arfan | Dorprise Matsama', '2025-07-13', 18, NOW(), NOW());
INSERT INTO `pengeluaran` (`admin_id`, `sumber_id`, `nominal`, `kategori_id`, `keterangan`, `tanggal`, `tahun_ajaran_id`, `created_at`, `updated_at`) VALUES (36, 3, 260000.00, 15, 'Arief Arfan | Kertas HVS, Buffalo dan fotocopy', '2025-07-20', 18, NOW(), NOW());
INSERT INTO `pengeluaran` (`admin_id`, `sumber_id`, `nominal`, `kategori_id`, `keterangan`, `tanggal`, `tahun_ajaran_id`, `created_at`, `updated_at`) VALUES (36, 3, 125000.00, 15, 'Arief Arfan | ATK kelas dan kantor', '2025-07-20', 18, NOW(), NOW());
INSERT INTO `pengeluaran` (`admin_id`, `sumber_id`, `nominal`, `kategori_id`, `keterangan`, `tanggal`, `tahun_ajaran_id`, `created_at`, `updated_at`) VALUES (36, 3, 105000.00, 9, 'Arief Arfan | Beli buku pegangan mapel BK', '2025-07-21', 18, NOW(), NOW());
INSERT INTO `pengeluaran` (`admin_id`, `sumber_id`, `nominal`, `kategori_id`, `keterangan`, `tanggal`, `tahun_ajaran_id`, `created_at`, `updated_at`) VALUES (36, 3, 200000.00, 14, 'Arief Arfan | Sparing futsal untuk persiapan lomba porsema', '2025-07-21', 18, NOW(), NOW());
INSERT INTO `pengeluaran` (`admin_id`, `sumber_id`, `nominal`, `kategori_id`, `keterangan`, `tanggal`, `tahun_ajaran_id`, `created_at`, `updated_at`) VALUES (36, 3, 750000.00, 14, 'Arief Arfan | Makan lomba porsema', '2025-07-23', 18, NOW(), NOW());
INSERT INTO `pengeluaran` (`admin_id`, `sumber_id`, `nominal`, `kategori_id`, `keterangan`, `tanggal`, `tahun_ajaran_id`, `created_at`, `updated_at`) VALUES (36, 3, 1040000.00, 10, 'Arief Arfan | Snack guru selama Juli sampai tanggal 18 September', '2025-09-18', 18, NOW(), NOW());
INSERT INTO `pengeluaran` (`admin_id`, `sumber_id`, `nominal`, `kategori_id`, `keterangan`, `tanggal`, `tahun_ajaran_id`, `created_at`, `updated_at`) VALUES (36, 3, 100000.00, 8, 'Arief Arfan | Beli Materai pak didik', '2025-09-18', 18, NOW(), NOW());
INSERT INTO `pengeluaran` (`admin_id`, `sumber_id`, `nominal`, `kategori_id`, `keterangan`, `tanggal`, `tahun_ajaran_id`, `created_at`, `updated_at`) VALUES (36, 3, 140000.00, 8, 'Arief Arfan | Snack, Bisyaroh Pengawas ANBK', '2025-04-08', 18, NOW(), NOW());
INSERT INTO `pengeluaran` (`admin_id`, `sumber_id`, `nominal`, `kategori_id`, `keterangan`, `tanggal`, `tahun_ajaran_id`, `created_at`, `updated_at`) VALUES (36, 3, 100000.00, 8, 'Arief Arfan | Transportasi monitoring kemenag ANBK', '2025-05-08', 18, NOW(), NOW());
INSERT INTO `pengeluaran` (`admin_id`, `sumber_id`, `nominal`, `kategori_id`, `keterangan`, `tanggal`, `tahun_ajaran_id`, `created_at`, `updated_at`) VALUES (36, 3, 50000.00, 14, 'Arief Arfan | Transportasi pengajuan/laporan bosda ke kemenag', '2025-06-08', 18, NOW(), NOW());
INSERT INTO `pengeluaran` (`admin_id`, `sumber_id`, `nominal`, `kategori_id`, `keterangan`, `tanggal`, `tahun_ajaran_id`, `created_at`, `updated_at`) VALUES (36, 3, 50000.00, 15, 'Arief Arfan | Beli materai untuk pengajuan/pelaporan bosda', '2025-07-08', 18, NOW(), NOW());
INSERT INTO `pengeluaran` (`admin_id`, `sumber_id`, `nominal`, `kategori_id`, `keterangan`, `tanggal`, `tahun_ajaran_id`, `created_at`, `updated_at`) VALUES (36, 3, 120000.00, 16, 'Arief Arfan | Rapat Bulanan di SMP 1 Wonokerto', '2025-06-08', 18, NOW(), NOW());
INSERT INTO `pengeluaran` (`admin_id`, `sumber_id`, `nominal`, `kategori_id`, `keterangan`, `tanggal`, `tahun_ajaran_id`, `created_at`, `updated_at`) VALUES (36, 3, 120000.00, 16, 'Arief Arfan | Rapat Bulanan di Soto Gedangan', '2025-08-27', 18, NOW(), NOW());
INSERT INTO `pengeluaran` (`admin_id`, `sumber_id`, `nominal`, `kategori_id`, `keterangan`, `tanggal`, `tahun_ajaran_id`, `created_at`, `updated_at`) VALUES (36, 3, 100000.00, 14, 'Arief Arfan | Transportasi Guz debi dan Bu Uki', '2025-08-20', 18, NOW(), NOW());
INSERT INTO `pengeluaran` (`admin_id`, `sumber_id`, `nominal`, `kategori_id`, `keterangan`, `tanggal`, `tahun_ajaran_id`, `created_at`, `updated_at`) VALUES (36, 3, 100000.00, 14, 'Arief Arfan | Transportasi Guz debi dan pak didik', '2025-08-20', 18, NOW(), NOW());
INSERT INTO `pengeluaran` (`admin_id`, `sumber_id`, `nominal`, `kategori_id`, `keterangan`, `tanggal`, `tahun_ajaran_id`, `created_at`, `updated_at`) VALUES (36, 3, 200000.00, 14, 'Arief Arfan | iuran bersama pengajuan kurikulum ke kanwil jawa tengah', '2025-08-20', 18, NOW(), NOW());
INSERT INTO `pengeluaran` (`admin_id`, `sumber_id`, `nominal`, `kategori_id`, `keterangan`, `tanggal`, `tahun_ajaran_id`, `created_at`, `updated_at`) VALUES (36, 3, 700000.00, 14, 'Arief Arfan | Transportasi, Snack dan makan karnaval kec. kedungwuni', '2025-08-19', 18, NOW(), NOW());
INSERT INTO `pengeluaran` (`admin_id`, `sumber_id`, `nominal`, `kategori_id`, `keterangan`, `tanggal`, `tahun_ajaran_id`, `created_at`, `updated_at`) VALUES (36, 3, 150000.00, 14, 'Arief Arfan | Lomba Agustusan', '2025-08-18', 18, NOW(), NOW());
INSERT INTO `pengeluaran` (`admin_id`, `sumber_id`, `nominal`, `kategori_id`, `keterangan`, `tanggal`, `tahun_ajaran_id`, `created_at`, `updated_at`) VALUES (36, 3, 100000.00, 9, 'Arief Arfan | Beli token listrik BLK', '2025-08-13', 18, NOW(), NOW());
INSERT INTO `pengeluaran` (`admin_id`, `sumber_id`, `nominal`, `kategori_id`, `keterangan`, `tanggal`, `tahun_ajaran_id`, `created_at`, `updated_at`) VALUES (36, 3, 165000.00, 15, 'Arief Arfan | Perlengkapan paskibraka', '2025-08-13', 18, NOW(), NOW());
INSERT INTO `pengeluaran` (`admin_id`, `sumber_id`, `nominal`, `kategori_id`, `keterangan`, `tanggal`, `tahun_ajaran_id`, `created_at`, `updated_at`) VALUES (36, 3, 190000.00, 8, 'Arief Arfan | Nasi tumpeng hari pramuka', '2025-08-14', 18, NOW(), NOW());
INSERT INTO `pengeluaran` (`admin_id`, `sumber_id`, `nominal`, `kategori_id`, `keterangan`, `tanggal`, `tahun_ajaran_id`, `created_at`, `updated_at`) VALUES (36, 3, 545000.00, 14, 'Arief Arfan | Konsumsi paskibraka', '2025-08-20', 18, NOW(), NOW());
INSERT INTO `pengeluaran` (`admin_id`, `sumber_id`, `nominal`, `kategori_id`, `keterangan`, `tanggal`, `tahun_ajaran_id`, `created_at`, `updated_at`) VALUES (36, 6, 8935000.00, 17, 'Arief Arfan | Kegiatan Kemah di Bugangan', '2025-09-16', 18, NOW(), NOW());
INSERT INTO `pengeluaran` (`admin_id`, `sumber_id`, `nominal`, `kategori_id`, `keterangan`, `tanggal`, `tahun_ajaran_id`, `created_at`, `updated_at`) VALUES (36, 3, 240000.00, 8, 'Arief Arfan | Rahatan di Soto de mar\'i', '2025-09-16', 18, NOW(), NOW());
INSERT INTO `pengeluaran` (`admin_id`, `sumber_id`, `nominal`, `kategori_id`, `keterangan`, `tanggal`, `tahun_ajaran_id`, `created_at`, `updated_at`) VALUES (36, 3, 350000.00, 9, 'Arief Arfan | Kertas HVS, nyetak berkas kurikulum dan fotocopy', '2025-09-16', 18, NOW(), NOW());
INSERT INTO `pengeluaran` (`admin_id`, `sumber_id`, `nominal`, `kategori_id`, `keterangan`, `tanggal`, `tahun_ajaran_id`, `created_at`, `updated_at`) VALUES (36, 3, 200000.00, 10, 'Arief Arfan | Snack harian guru dari tanggal 20 Sept - 2 Okt 2025', '2025-02-10', 18, NOW(), NOW());
INSERT INTO `pengeluaran` (`admin_id`, `sumber_id`, `nominal`, `kategori_id`, `keterangan`, `tanggal`, `tahun_ajaran_id`, `created_at`, `updated_at`) VALUES (36, 3, 10000.00, 15, 'Arief Arfan | Beli bak Stempel', '2025-02-10', 18, NOW(), NOW());
INSERT INTO `pengeluaran` (`admin_id`, `sumber_id`, `nominal`, `kategori_id`, `keterangan`, `tanggal`, `tahun_ajaran_id`, `created_at`, `updated_at`) VALUES (36, 3, 50000.00, 15, 'Arief Arfan | Membuat Stempel untuk laporan BOS', '2025-02-10', 18, NOW(), NOW());
INSERT INTO `pengeluaran` (`admin_id`, `sumber_id`, `nominal`, `kategori_id`, `keterangan`, `tanggal`, `tahun_ajaran_id`, `created_at`, `updated_at`) VALUES (36, 3, 120000.00, 16, 'Arief Arfan | Rapat bulanan di Bebekan', '2025-02-10', 18, NOW(), NOW());
INSERT INTO `pengeluaran` (`admin_id`, `sumber_id`, `nominal`, `kategori_id`, `keterangan`, `tanggal`, `tahun_ajaran_id`, `created_at`, `updated_at`) VALUES (36, 3, 600000.00, 10, 'Arief Arfan | Snack guru dari tanggal 20 september sampai 23 oktober 2025', '2025-10-23', 18, NOW(), NOW());
INSERT INTO `pengeluaran` (`admin_id`, `sumber_id`, `nominal`, `kategori_id`, `keterangan`, `tanggal`, `tahun_ajaran_id`, `created_at`, `updated_at`) VALUES (36, 3, 500000.00, 11, 'Arief Arfan | Bayar jahitan seragam MA warna merah', '2025-10-24', 18, NOW(), NOW());
INSERT INTO `pengeluaran` (`admin_id`, `sumber_id`, `nominal`, `kategori_id`, `keterangan`, `tanggal`, `tahun_ajaran_id`, `created_at`, `updated_at`) VALUES (36, 3, 175000.00, 14, 'Arief Arfan | MGMP bersama di simbang kulon', '2025-10-18', 18, NOW(), NOW());
INSERT INTO `pengeluaran` (`admin_id`, `sumber_id`, `nominal`, `kategori_id`, `keterangan`, `tanggal`, `tahun_ajaran_id`, `created_at`, `updated_at`) VALUES (36, 3, 130000.00, 16, 'Arief Arfan | Snack dan makan Rapat PKKM ke 2', '2025-10-18', 18, NOW(), NOW());
INSERT INTO `pengeluaran` (`admin_id`, `sumber_id`, `nominal`, `kategori_id`, `keterangan`, `tanggal`, `tahun_ajaran_id`, `created_at`, `updated_at`) VALUES (36, 3, 100000.00, 16, 'Arief Arfan | Iuran rapat Bendahara', '2025-10-18', 18, NOW(), NOW());
INSERT INTO `pengeluaran` (`admin_id`, `sumber_id`, `nominal`, `kategori_id`, `keterangan`, `tanggal`, `tahun_ajaran_id`, `created_at`, `updated_at`) VALUES (36, 3, 30000.00, 14, 'Arief Arfan | Transport rapat bendahara', '2025-10-18', 18, NOW(), NOW());
INSERT INTO `pengeluaran` (`admin_id`, `sumber_id`, `nominal`, `kategori_id`, `keterangan`, `tanggal`, `tahun_ajaran_id`, `created_at`, `updated_at`) VALUES (36, 3, 60000.00, 15, 'Arief Arfan | Beli materai untuk keperluan bendahara', '2025-10-18', 18, NOW(), NOW());
INSERT INTO `pengeluaran` (`admin_id`, `sumber_id`, `nominal`, `kategori_id`, `keterangan`, `tanggal`, `tahun_ajaran_id`, `created_at`, `updated_at`) VALUES (36, 3, 190000.00, 14, 'Arief Arfan | Foto ftudio hari santri', '2025-10-22', 18, NOW(), NOW());
INSERT INTO `pengeluaran` (`admin_id`, `sumber_id`, `nominal`, `kategori_id`, `keterangan`, `tanggal`, `tahun_ajaran_id`, `created_at`, `updated_at`) VALUES (36, 3, 160000.00, 10, 'Arief Arfan | Beli sop buah setelah foto studio', '2025-10-22', 18, NOW(), NOW());
INSERT INTO `pengeluaran` (`admin_id`, `sumber_id`, `nominal`, `kategori_id`, `keterangan`, `tanggal`, `tahun_ajaran_id`, `created_at`, `updated_at`) VALUES (36, 3, 140000.00, 18, 'Arief Arfan | Beasiswa rangking 3 semester 2 tahun ajaran 2024/2025 atas nama Dimas Ibrahim Arruham', '2025-10-23', 18, NOW(), NOW());
INSERT INTO `pengeluaran` (`admin_id`, `sumber_id`, `nominal`, `kategori_id`, `keterangan`, `tanggal`, `tahun_ajaran_id`, `created_at`, `updated_at`) VALUES (36, 3, 420000.00, 18, 'Arief Arfan | Beasiswa rangking 1 semester 2 tahun ajaran 2024/2025 atas nama Prabu Astagina', '2025-10-23', 18, NOW(), NOW());
INSERT INTO `pengeluaran` (`admin_id`, `sumber_id`, `nominal`, `kategori_id`, `keterangan`, `tanggal`, `tahun_ajaran_id`, `created_at`, `updated_at`) VALUES (36, 3, 280000.00, 18, 'Arief Arfan | Beasiswa rangking 2 semester 2 tahun ajaran 2024/2025 atas nama Allina Zulfiana', '2025-10-23', 18, NOW(), NOW());
INSERT INTO `pengeluaran` (`admin_id`, `sumber_id`, `nominal`, `kategori_id`, `keterangan`, `tanggal`, `tahun_ajaran_id`, `created_at`, `updated_at`) VALUES (36, 3, 600000.00, 18, 'Arief Arfan | Beasiswa rangking 1 semester 2 tahun ajaran 2024/2025 atas nama Erlina Rahmadani', '2025-10-23', 18, NOW(), NOW());
INSERT INTO `pengeluaran` (`admin_id`, `sumber_id`, `nominal`, `kategori_id`, `keterangan`, `tanggal`, `tahun_ajaran_id`, `created_at`, `updated_at`) VALUES (36, 3, 400000.00, 18, 'Arief Arfan | Beasiswa rangking 2 semester 2 tahun ajaran 2024/2025 atas nama Muhammad Amiril Nasta\'in', '2025-10-23', 18, NOW(), NOW());
INSERT INTO `pengeluaran` (`admin_id`, `sumber_id`, `nominal`, `kategori_id`, `keterangan`, `tanggal`, `tahun_ajaran_id`, `created_at`, `updated_at`) VALUES (36, 3, 200000.00, 18, 'Arief Arfan | Beasiswa rangking 3 semester 2 tahun ajaran 2024/2025 atas nama Yuliana Rohmaniah', '2025-10-23', 18, NOW(), NOW());
INSERT INTO `pengeluaran` (`admin_id`, `sumber_id`, `nominal`, `kategori_id`, `keterangan`, `tanggal`, `tahun_ajaran_id`, `created_at`, `updated_at`) VALUES (36, 3, 55000.00, 14, 'Arief Arfan | daftar lomba pidato bahasa arab di UIN Gusdur Pekalongan', '2025-10-23', 18, NOW(), NOW());
INSERT INTO `pengeluaran` (`admin_id`, `sumber_id`, `nominal`, `kategori_id`, `keterangan`, `tanggal`, `tahun_ajaran_id`, `created_at`, `updated_at`) VALUES (27, 5, 7640000.00, 12, 'Akrom Adabi | Bisyaroh Oktober', '2025-01-11', 18, NOW(), NOW());
INSERT INTO `pengeluaran` (`admin_id`, `sumber_id`, `nominal`, `kategori_id`, `keterangan`, `tanggal`, `tahun_ajaran_id`, `created_at`, `updated_at`) VALUES (27, 5, 2000000.00, 15, 'Akrom Adabi | Jendela kelas baru ( Bapak )', '2025-01-11', 18, NOW(), NOW());
INSERT INTO `pengeluaran` (`admin_id`, `sumber_id`, `nominal`, `kategori_id`, `keterangan`, `tanggal`, `tahun_ajaran_id`, `created_at`, `updated_at`) VALUES (36, 3, 170000.00, 19, 'Arief Arfan | Snack dan rapat pkkm terakhir', '2025-10-26', 18, NOW(), NOW());
INSERT INTO `pengeluaran` (`admin_id`, `sumber_id`, `nominal`, `kategori_id`, `keterangan`, `tanggal`, `tahun_ajaran_id`, `created_at`, `updated_at`) VALUES (36, 3, 140000.00, 19, 'Arief Arfan | cetak instrumen pkkm dan 10 materai', '2025-10-26', 18, NOW(), NOW());
INSERT INTO `pengeluaran` (`admin_id`, `sumber_id`, `nominal`, `kategori_id`, `keterangan`, `tanggal`, `tahun_ajaran_id`, `created_at`, `updated_at`) VALUES (36, 3, 650000.00, 19, 'Arief Arfan | Snack dan makan kegiatan pkkm', '2025-10-28', 18, NOW(), NOW());
INSERT INTO `pengeluaran` (`admin_id`, `sumber_id`, `nominal`, `kategori_id`, `keterangan`, `tanggal`, `tahun_ajaran_id`, `created_at`, `updated_at`) VALUES (36, 3, 650000.00, 19, 'Arief Arfan | bisyaroh asesor pkkm', '2025-10-28', 18, NOW(), NOW());
INSERT INTO `pengeluaran` (`admin_id`, `sumber_id`, `nominal`, `kategori_id`, `keterangan`, `tanggal`, `tahun_ajaran_id`, `created_at`, `updated_at`) VALUES (36, 3, 75000.00, 14, 'Arief Arfan | Transport jaga TKA', '2025-05-11', 18, NOW(), NOW());
INSERT INTO `pengeluaran` (`admin_id`, `sumber_id`, `nominal`, `kategori_id`, `keterangan`, `tanggal`, `tahun_ajaran_id`, `created_at`, `updated_at`) VALUES (36, 3, 80000.00, 14, 'Arief Arfan | Snack TKA', '2025-05-11', 18, NOW(), NOW());
INSERT INTO `pengeluaran` (`admin_id`, `sumber_id`, `nominal`, `kategori_id`, `keterangan`, `tanggal`, `tahun_ajaran_id`, `created_at`, `updated_at`) VALUES (36, 3, 150000.00, 9, 'Arief Arfan | Listrik BLK', '2025-05-11', 18, NOW(), NOW());
INSERT INTO `pengeluaran` (`admin_id`, `sumber_id`, `nominal`, `kategori_id`, `keterangan`, `tanggal`, `tahun_ajaran_id`, `created_at`, `updated_at`) VALUES (36, 3, 200000.00, 9, 'Arief Arfan | Listrik BLK', '2025-05-11', 18, NOW(), NOW());
INSERT INTO `pengeluaran` (`admin_id`, `sumber_id`, `nominal`, `kategori_id`, `keterangan`, `tanggal`, `tahun_ajaran_id`, `created_at`, `updated_at`) VALUES (36, 3, 120000.00, 16, 'Arief Arfan | Rapat bulanan di RM Sambal Jawa', '2025-06-11', 18, NOW(), NOW());
INSERT INTO `pengeluaran` (`admin_id`, `sumber_id`, `nominal`, `kategori_id`, `keterangan`, `tanggal`, `tahun_ajaran_id`, `created_at`, `updated_at`) VALUES (36, 3, 273000.00, 19, 'Arief Arfan | MMT kegiatan pkkm', '2025-10-28', 18, NOW(), NOW());
INSERT INTO `pengeluaran` (`admin_id`, `sumber_id`, `nominal`, `kategori_id`, `keterangan`, `tanggal`, `tahun_ajaran_id`, `created_at`, `updated_at`) VALUES (36, 3, 150000.00, 14, 'Arief Arfan | Pelatihan digitalisasi bersama kepala madrasah', '2025-10-28', 18, NOW(), NOW());
INSERT INTO `pengeluaran` (`admin_id`, `sumber_id`, `nominal`, `kategori_id`, `keterangan`, `tanggal`, `tahun_ajaran_id`, `created_at`, `updated_at`) VALUES (36, 3, 50000.00, 14, 'Arief Arfan | Transportasi mobil siaga kegiatan ziaroh dan hiking', '2025-10-11', 18, NOW(), NOW());
INSERT INTO `pengeluaran` (`admin_id`, `sumber_id`, `nominal`, `kategori_id`, `keterangan`, `tanggal`, `tahun_ajaran_id`, `created_at`, `updated_at`) VALUES (36, 3, 1116000.00, 14, 'Arief Arfan | subsidi untuk siswa pembayaran kegiatan ziaroh dan hiking', '2025-10-11', 18, NOW(), NOW());
INSERT INTO `pengeluaran` (`admin_id`, `sumber_id`, `nominal`, `kategori_id`, `keterangan`, `tanggal`, `tahun_ajaran_id`, `created_at`, `updated_at`) VALUES (36, 3, 300000.00, 10, 'Arief Arfan | Snack guru dari tanggal 25 Oktober sampai 13 November 2025', '2025-11-13', 18, NOW(), NOW());
INSERT INTO `pengeluaran` (`admin_id`, `sumber_id`, `nominal`, `kategori_id`, `keterangan`, `tanggal`, `tahun_ajaran_id`, `created_at`, `updated_at`) VALUES (27, 5, 900000.00, 2, 'Akrom Adabi | MAP PPDB', '2025-11-16', 18, NOW(), NOW());
INSERT INTO `pengeluaran` (`admin_id`, `sumber_id`, `nominal`, `kategori_id`, `keterangan`, `tanggal`, `tahun_ajaran_id`, `created_at`, `updated_at`) VALUES (27, 5, 180000.00, 13, 'Akrom Adabi | Buku Fiqih Kelas 12', '2025-02-11', 18, NOW(), NOW());
INSERT INTO `pengeluaran` (`admin_id`, `sumber_id`, `nominal`, `kategori_id`, `keterangan`, `tanggal`, `tahun_ajaran_id`, `created_at`, `updated_at`) VALUES (27, 3, 100000.00, 14, 'Akrom Adabi | Makan setelah pemilu Osis', '2025-03-11', 18, NOW(), NOW());
INSERT INTO `pengeluaran` (`admin_id`, `sumber_id`, `nominal`, `kategori_id`, `keterangan`, `tanggal`, `tahun_ajaran_id`, `created_at`, `updated_at`) VALUES (27, 6, 60000.00, 15, 'Akrom Adabi | kartu siswa x', '2025-10-30', 18, NOW(), NOW());
INSERT INTO `pengeluaran` (`admin_id`, `sumber_id`, `nominal`, `kategori_id`, `keterangan`, `tanggal`, `tahun_ajaran_id`, `created_at`, `updated_at`) VALUES (27, 5, 7670000.00, 12, 'Akrom Adabi | Bisyaroh November', '2025-01-12', 18, NOW(), NOW());
INSERT INTO `pengeluaran` (`admin_id`, `sumber_id`, `nominal`, `kategori_id`, `keterangan`, `tanggal`, `tahun_ajaran_id`, `created_at`, `updated_at`) VALUES (27, 5, 500000.00, 8, 'Akrom Adabi | Iuran Hosting dari 2jt setahun', '2025-01-12', 18, NOW(), NOW());
INSERT INTO `pengeluaran` (`admin_id`, `sumber_id`, `nominal`, `kategori_id`, `keterangan`, `tanggal`, `tahun_ajaran_id`, `created_at`, `updated_at`) VALUES (36, 3, 55000.00, 14, 'Arief Arfan | pendaftaran lomba khitobah', '2025-10-27', 18, NOW(), NOW());
INSERT INTO `pengeluaran` (`admin_id`, `sumber_id`, `nominal`, `kategori_id`, `keterangan`, `tanggal`, `tahun_ajaran_id`, `created_at`, `updated_at`) VALUES (36, 3, 25000.00, 14, 'Arief Arfan | pelatihan kurikulum', '2025-11-16', 18, NOW(), NOW());
INSERT INTO `pengeluaran` (`admin_id`, `sumber_id`, `nominal`, `kategori_id`, `keterangan`, `tanggal`, `tahun_ajaran_id`, `created_at`, `updated_at`) VALUES (36, 3, 140000.00, 14, 'Arief Arfan | pesan ayam dalam rangka hari guru', '2026-11-25', 18, NOW(), NOW());
INSERT INTO `pengeluaran` (`admin_id`, `sumber_id`, `nominal`, `kategori_id`, `keterangan`, `tanggal`, `tahun_ajaran_id`, `created_at`, `updated_at`) VALUES (36, 3, 480000.00, 19, 'Arief Arfan | kertas F4 A4 fotocopy berkas pkkm', '2025-10-28', 18, NOW(), NOW());
INSERT INTO `pengeluaran` (`admin_id`, `sumber_id`, `nominal`, `kategori_id`, `keterangan`, `tanggal`, `tahun_ajaran_id`, `created_at`, `updated_at`) VALUES (36, 3, 4845000.00, 20, 'Arief Arfan | Kegiatan PAS', '2025-12-18', 18, NOW(), NOW());
INSERT INTO `pengeluaran` (`admin_id`, `sumber_id`, `nominal`, `kategori_id`, `keterangan`, `tanggal`, `tahun_ajaran_id`, `created_at`, `updated_at`) VALUES (36, 3, 120000.00, 16, 'Arief Arfan | Rapat bulanan dirumah pak irham', '2025-11-12', 18, NOW(), NOW());
INSERT INTO `pengeluaran` (`admin_id`, `sumber_id`, `nominal`, `kategori_id`, `keterangan`, `tanggal`, `tahun_ajaran_id`, `created_at`, `updated_at`) VALUES (36, 3, 2825000.00, 13, 'Arief Arfan | pembayaran LKS semester 1', '2025-08-12', 18, NOW(), NOW());
INSERT INTO `pengeluaran` (`admin_id`, `sumber_id`, `nominal`, `kategori_id`, `keterangan`, `tanggal`, `tahun_ajaran_id`, `created_at`, `updated_at`) VALUES (36, 3, 210000.00, 10, 'Arief Arfan | Snack guru tanggal 15 November sampai 27 November 2025', '2025-11-27', 18, NOW(), NOW());
INSERT INTO `pengeluaran` (`admin_id`, `sumber_id`, `nominal`, `kategori_id`, `keterangan`, `tanggal`, `tahun_ajaran_id`, `created_at`, `updated_at`) VALUES (36, 3, 30000.00, 14, 'Arief Arfan | makan siang kegiatan lapor pajak MA', '2025-12-26', 18, NOW(), NOW());
INSERT INTO `pengeluaran` (`admin_id`, `sumber_id`, `nominal`, `kategori_id`, `keterangan`, `tanggal`, `tahun_ajaran_id`, `created_at`, `updated_at`) VALUES (27, 5, 100000.00, 8, 'Akrom Adabi | FC Beasiswa kelas 3 smp', '2025-12-17', 18, NOW(), NOW());
INSERT INTO `pengeluaran` (`admin_id`, `sumber_id`, `nominal`, `kategori_id`, `keterangan`, `tanggal`, `tahun_ajaran_id`, `created_at`, `updated_at`) VALUES (27, 7, 500000.00, 20, 'Akrom Adabi | Makan Raportan', '2025-12-17', 18, NOW(), NOW());
INSERT INTO `pengeluaran` (`admin_id`, `sumber_id`, `nominal`, `kategori_id`, `keterangan`, `tanggal`, `tahun_ajaran_id`, `created_at`, `updated_at`) VALUES (27, 7, 300000.00, 20, 'Akrom Adabi | Classmeeting', '2025-12-17', 18, NOW(), NOW());
INSERT INTO `pengeluaran` (`admin_id`, `sumber_id`, `nominal`, `kategori_id`, `keterangan`, `tanggal`, `tahun_ajaran_id`, `created_at`, `updated_at`) VALUES (27, 5, 150000.00, 8, 'Akrom Adabi | Iuran HAB Kemenag 2025', '2025-12-21', 18, NOW(), NOW());
INSERT INTO `pengeluaran` (`admin_id`, `sumber_id`, `nominal`, `kategori_id`, `keterangan`, `tanggal`, `tahun_ajaran_id`, `created_at`, `updated_at`) VALUES (27, 5, 6515000.00, 12, 'Akrom Adabi | Bisyaroh Desember', '2026-02-01', 18, NOW(), NOW());
INSERT INTO `pengeluaran` (`admin_id`, `sumber_id`, `nominal`, `kategori_id`, `keterangan`, `tanggal`, `tahun_ajaran_id`, `created_at`, `updated_at`) VALUES (27, 5, 300000.00, 8, 'Akrom Adabi | Iuran Kepala Jan-Feb', '2026-10-01', 18, NOW(), NOW());
INSERT INTO `pengeluaran` (`admin_id`, `sumber_id`, `nominal`, `kategori_id`, `keterangan`, `tanggal`, `tahun_ajaran_id`, `created_at`, `updated_at`) VALUES (27, 5, 300000.00, 8, 'Akrom Adabi | Iuran Monev BOS', '2026-12-01', 18, NOW(), NOW());
INSERT INTO `pengeluaran` (`admin_id`, `sumber_id`, `nominal`, `kategori_id`, `keterangan`, `tanggal`, `tahun_ajaran_id`, `created_at`, `updated_at`) VALUES (27, 3, 780000.00, 14, 'Akrom Adabi | Rojaban', '2026-01-15', 18, NOW(), NOW());
INSERT INTO `pengeluaran` (`admin_id`, `sumber_id`, `nominal`, `kategori_id`, `keterangan`, `tanggal`, `tahun_ajaran_id`, `created_at`, `updated_at`) VALUES (27, 5, 450000.00, 8, 'Akrom Adabi | Pembuatan WEB MA Baru', '2026-01-27', 18, NOW(), NOW());
INSERT INTO `pengeluaran` (`admin_id`, `sumber_id`, `nominal`, `kategori_id`, `keterangan`, `tanggal`, `tahun_ajaran_id`, `created_at`, `updated_at`) VALUES (36, 3, 380000.00, 10, 'Arief Arfan | Snack guru dari 3 - 29 januari 2026', '2026-01-27', 18, NOW(), NOW());
INSERT INTO `pengeluaran` (`admin_id`, `sumber_id`, `nominal`, `kategori_id`, `keterangan`, `tanggal`, `tahun_ajaran_id`, `created_at`, `updated_at`) VALUES (36, 3, 70000.00, 14, 'Arief Arfan | Pelatihan kurikulum', '2026-01-19', 18, NOW(), NOW());
INSERT INTO `pengeluaran` (`admin_id`, `sumber_id`, `nominal`, `kategori_id`, `keterangan`, `tanggal`, `tahun_ajaran_id`, `created_at`, `updated_at`) VALUES (36, 3, 30000.00, 14, 'Arief Arfan | MGMP Aqidah Akhlak', '2026-01-26', 18, NOW(), NOW());
INSERT INTO `pengeluaran` (`admin_id`, `sumber_id`, `nominal`, `kategori_id`, `keterangan`, `tanggal`, `tahun_ajaran_id`, `created_at`, `updated_at`) VALUES (36, 3, 50000.00, 14, 'Arief Arfan | Traqnsport monev bos', '2026-01-19', 18, NOW(), NOW());
INSERT INTO `pengeluaran` (`admin_id`, `sumber_id`, `nominal`, `kategori_id`, `keterangan`, `tanggal`, `tahun_ajaran_id`, `created_at`, `updated_at`) VALUES (36, 3, 120000.00, 16, 'Arief Arfan | Rapat Bulanan di RM Yuli', '2026-08-01', 18, NOW(), NOW());
INSERT INTO `pengeluaran` (`admin_id`, `sumber_id`, `nominal`, `kategori_id`, `keterangan`, `tanggal`, `tahun_ajaran_id`, `created_at`, `updated_at`) VALUES (27, 3, 250000.00, 16, 'Akrom Adabi | Rapat dengan Yayasan dan PPG', '2026-12-02', 18, NOW(), NOW());
INSERT INTO `pengeluaran` (`admin_id`, `sumber_id`, `nominal`, `kategori_id`, `keterangan`, `tanggal`, `tahun_ajaran_id`, `created_at`, `updated_at`) VALUES (27, 3, 200000.00, 8, 'Akrom Adabi | Listrik BLK', '2026-02-13', 18, NOW(), NOW());
INSERT INTO `pengeluaran` (`admin_id`, `sumber_id`, `nominal`, `kategori_id`, `keterangan`, `tanggal`, `tahun_ajaran_id`, `created_at`, `updated_at`) VALUES (27, 5, 7360000.00, 12, 'Akrom Adabi | Bisyaroh Desember', '2026-02-01', 18, NOW(), NOW());
INSERT INTO `pengeluaran` (`admin_id`, `sumber_id`, `nominal`, `kategori_id`, `keterangan`, `tanggal`, `tahun_ajaran_id`, `created_at`, `updated_at`) VALUES (36, 3, 450000.00, 14, 'Arief Arfan | Penyusunan dan pelaporan kurikulum', '2025-08-20', 18, NOW(), NOW());

-- === PEMASUKAN (11 rows) ===
INSERT INTO `pemasukan` (`admin_id`, `sumber_id`, `nominal`, `keterangan`, `tanggal`, `tahun_ajaran_id`, `created_at`, `updated_at`) VALUES (1, 21, 6850000.00, 'PPDB 2025', '2024-01-09', 18, NOW(), NOW());
INSERT INTO `pemasukan` (`admin_id`, `sumber_id`, `nominal`, `keterangan`, `tanggal`, `tahun_ajaran_id`, `created_at`, `updated_at`) VALUES (1, 22, 32040000.00, 'BOS APBN TRIWULAN 2', '2024-01-09', 18, NOW(), NOW());
INSERT INTO `pemasukan` (`admin_id`, `sumber_id`, `nominal`, `keterangan`, `tanggal`, `tahun_ajaran_id`, `created_at`, `updated_at`) VALUES (1, 23, 9000000.00, 'BOS DA 2025', '2024-07-31', 18, NOW(), NOW());
INSERT INTO `pemasukan` (`admin_id`, `sumber_id`, `nominal`, `keterangan`, `tanggal`, `tahun_ajaran_id`, `created_at`, `updated_at`) VALUES (1, 24, 7470000.00, 'Pembayaran siswa', '2025-09-15', 18, NOW(), NOW());
INSERT INTO `pemasukan` (`admin_id`, `sumber_id`, `nominal`, `keterangan`, `tanggal`, `tahun_ajaran_id`, `created_at`, `updated_at`) VALUES (1, 24, 3600000.00, 'Pembayaran siswa', '2025-09-22', 18, NOW(), NOW());
INSERT INTO `pemasukan` (`admin_id`, `sumber_id`, `nominal`, `keterangan`, `tanggal`, `tahun_ajaran_id`, `created_at`, `updated_at`) VALUES (1, 25, 100000.00, 'Pembelian kaos olahraga', '2025-09-22', 18, NOW(), NOW());
INSERT INTO `pemasukan` (`admin_id`, `sumber_id`, `nominal`, `keterangan`, `tanggal`, `tahun_ajaran_id`, `created_at`, `updated_at`) VALUES (1, 24, 4000000.00, 'Pembayaran siswa', '2025-10-28', 18, NOW(), NOW());
INSERT INTO `pemasukan` (`admin_id`, `sumber_id`, `nominal`, `keterangan`, `tanggal`, `tahun_ajaran_id`, `created_at`, `updated_at`) VALUES (1, 26, 50920000.00, 'BOS APBN TRIWULAN 3', '2025-10-21', 18, NOW(), NOW());
INSERT INTO `pemasukan` (`admin_id`, `sumber_id`, `nominal`, `keterangan`, `tanggal`, `tahun_ajaran_id`, `created_at`, `updated_at`) VALUES (1, 24, 4890000.00, 'Pembayaran siswa', '2025-10-11', 18, NOW(), NOW());
INSERT INTO `pemasukan` (`admin_id`, `sumber_id`, `nominal`, `keterangan`, `tanggal`, `tahun_ajaran_id`, `created_at`, `updated_at`) VALUES (1, 24, 3670000.00, 'Pembayaran siswa', '2025-11-12', 18, NOW(), NOW());
INSERT INTO `pemasukan` (`admin_id`, `sumber_id`, `nominal`, `keterangan`, `tanggal`, `tahun_ajaran_id`, `created_at`, `updated_at`) VALUES (1, 27, 3000000.00, 'Pinjam uang', '2026-02-21', 18, NOW(), NOW());
